model,ngl,gamma,task,thinking_mode,prompt_idx,accept_pct,n_drafted,n_accepted
14b,99,10,chat,nothink,0,25.034,1490,373
14b,99,10,chat,nothink,1,22.0,1600,352
14b,99,10,chat,nothink,2,19.653,1730,340
14b,99,10,chat,nothink,3,21.28,1640,349
14b,99,10,chat,nothink,4,18.453,1810,334
14b,99,10,chat,nothink,5,18.764,1780,334
14b,99,10,chat,nothink,6,72.581,620,450
14b,99,10,chat,nothink,7,98.125,480,471
14b,99,10,chat,nothink,8,21.646,1640,355
14b,99,10,chat,nothink,9,21.534,1630,351
14b,99,10,chat,think,0,25.517,1450,370
14b,99,10,chat,think,1,23.882,1520,363
14b,99,10,chat,think,2,16.122,1960,316
14b,99,10,chat,think,3,18.033,1830,330
14b,99,10,chat,think,4,22.562,1600,361
14b,99,10,chat,think,5,18.444,1800,332
14b,99,10,chat,think,6,22.39,1590,356
14b,99,10,chat,think,7,15.859,1980,314
14b,99,10,chat,think,8,18.297,1820,333
14b,99,10,chat,think,9,20.719,1670,346
14b,99,10,code,nothink,0,21.605,1620,350
14b,99,10,code,nothink,1,39.709,1030,409
14b,99,10,code,nothink,2,23.595,1530,361
14b,99,10,code,nothink,3,37.407,1080,404
14b,99,10,code,nothink,4,37.593,1080,406
14b,99,10,code,nothink,5,21.446,1660,356
14b,99,10,code,nothink,6,35.0,1140,399
14b,99,10,code,nothink,7,30.96,1250,387
14b,99,10,code,nothink,8,90.0,520,468
14b,99,10,code,nothink,9,21.852,1620,354
14b,99,10,code,think,0,20.294,1700,345
14b,99,10,code,think,1,35.0,1140,399
14b,99,10,code,think,2,34.912,1140,398
14b,99,10,code,think,3,24.497,1490,365
14b,99,10,code,think,4,23.032,1550,357
14b,99,10,code,think,5,22.405,1580,354
14b,99,10,code,think,6,30.078,1280,385
14b,99,10,code,think,7,23.856,1530,365
14b,99,10,code,think,8,55.19,790,436
14b,99,10,code,think,9,49.655,870,432
14b,99,10,reasoning,nothink,0,44.468,940,418
14b,99,10,reasoning,nothink,1,31.532,1240,391
14b,99,10,reasoning,nothink,2,45.319,940,426
14b,99,10,reasoning,nothink,3,28.496,1330,379
14b,99,10,reasoning,nothink,4,48.182,880,424
14b,99,10,reasoning,nothink,5,37.273,1100,410
14b,99,10,reasoning,nothink,6,26.454,1410,373
14b,99,10,reasoning,nothink,7,75.574,610,461
14b,99,10,reasoning,nothink,8,34.138,1160,396
14b,99,10,reasoning,nothink,9,42.653,980,418
14b,99,10,reasoning,think,0,54.25,800,434
14b,99,10,reasoning,think,1,45.161,930,420
14b,99,10,reasoning,think,2,47.778,900,430
14b,99,10,reasoning,think,3,24.362,1490,363
14b,99,10,reasoning,think,4,43.333,960,416
14b,99,10,reasoning,think,5,28.571,1330,380
14b,99,10,reasoning,think,6,31.36,1250,392
14b,99,10,reasoning,think,7,32.049,1220,391
14b,99,10,reasoning,think,8,34.522,1150,397
14b,99,10,reasoning,think,9,41.188,1010,416
14b,99,4,chat,nothink,0,45.604,728,332
14b,99,4,chat,nothink,1,43.085,376,162
14b,99,4,chat,nothink,2,39.125,800,313
14b,99,4,chat,nothink,3,36.019,844,304
14b,99,4,chat,nothink,4,41.321,772,319
14b,99,4,chat,nothink,5,39.975,788,315
14b,99,4,chat,nothink,6,43.85,748,328
14b,99,4,chat,nothink,7,39.899,792,316
14b,99,4,chat,nothink,8,45.467,728,331
14b,99,4,chat,nothink,9,41.667,768,320
14b,99,4,chat,think,0,39.975,788,315
14b,99,4,chat,think,1,38.806,804,312
14b,99,4,chat,think,2,41.797,768,321
14b,99,4,chat,think,3,42.188,768,324
14b,99,4,chat,think,4,48.994,696,341
14b,99,4,chat,think,5,39.646,792,314
14b,99,4,chat,think,6,43.617,752,328
14b,99,4,chat,think,7,43.583,748,326
14b,99,4,chat,think,8,40.306,784,316
14b,99,4,chat,think,9,43.218,752,325
14b,99,4,code,nothink,0,56.171,632,355
14b,99,4,code,nothink,1,52.259,664,347
14b,99,4,code,nothink,2,54.814,644,353
14b,99,4,code,nothink,3,51.19,672,344
14b,99,4,code,nothink,4,65.78,564,371
14b,99,4,code,nothink,5,63.621,580,369
14b,99,4,code,nothink,6,46.111,720,332
14b,99,4,code,nothink,7,56.688,628,356
14b,99,4,code,nothink,8,60.265,604,364
14b,99,4,code,nothink,9,68.431,548,375
14b,99,4,code,think,0,48.295,704,340
14b,99,4,code,think,1,54.658,644,352
14b,99,4,code,think,2,47.316,708,335
14b,99,4,code,think,3,51.183,676,346
14b,99,4,code,think,4,51.183,676,346
14b,99,4,code,think,5,44.324,740,328
14b,99,4,code,think,6,49.419,688,340
14b,99,4,code,think,7,51.183,676,346
14b,99,4,code,think,8,43.449,748,325
14b,99,4,code,think,9,84.11,472,397
14b,99,4,reasoning,nothink,0,67.754,552,374
14b,99,4,reasoning,nothink,1,69.767,344,240
14b,99,4,reasoning,nothink,2,67.086,556,373
14b,99,4,reasoning,nothink,3,51.488,672,346
14b,99,4,reasoning,nothink,4,62.162,592,368
14b,99,4,reasoning,nothink,5,57.532,624,359
14b,99,4,reasoning,nothink,6,53.506,656,351
14b,99,4,reasoning,nothink,7,48.563,696,338
14b,99,4,reasoning,nothink,8,58.117,616,358
14b,99,4,reasoning,nothink,9,77.381,504,390
14b,99,4,reasoning,think,0,64.236,576,370
14b,99,4,reasoning,think,1,64.583,576,372
14b,99,4,reasoning,think,2,62.585,588,368
14b,99,4,reasoning,think,3,53.681,652,350
14b,99,4,reasoning,think,4,60.5,600,363
14b,99,4,reasoning,think,5,53.988,652,352
14b,99,4,reasoning,think,6,49.709,688,342
14b,99,4,reasoning,think,7,51.637,672,347
14b,99,4,reasoning,think,8,51.796,668,346
14b,99,4,reasoning,think,9,57.581,620,357
14b,99,6,chat,nothink,0,32.381,1050,340
14b,99,6,chat,nothink,1,38.853,924,359
14b,99,6,chat,nothink,2,96.272,456,439
14b,99,6,chat,nothink,3,28.723,1128,324
14b,99,6,chat,nothink,4,28.723,1128,324
14b,99,6,chat,nothink,5,29.71,1104,328
14b,99,6,chat,nothink,6,36.979,960,355
14b,99,6,chat,nothink,7,33.527,1032,346
14b,99,6,chat,nothink,8,32.19,1050,338
14b,99,6,chat,nothink,9,29.211,1116,326
14b,99,6,chat,think,0,37.686,942,355
14b,99,6,chat,think,1,34.631,1002,347
14b,99,6,chat,think,2,28.812,1128,325
14b,99,6,chat,think,3,31.827,1062,338
14b,99,6,chat,think,4,29.73,1110,330
14b,99,6,chat,think,5,30.755,1086,334
14b,99,6,chat,think,6,29.144,1122,327
14b,99,6,chat,think,7,29.659,1116,331
14b,99,6,chat,think,8,35.569,984,350
14b,99,6,chat,think,9,28.66,1134,325
14b,99,6,code,nothink,0,72.222,576,416
14b,99,6,code,nothink,1,48.611,792,385
14b,99,6,code,nothink,2,33.925,1014,344
14b,99,6,code,nothink,3,39.177,924,362
14b,99,6,code,nothink,4,59.821,672,402
14b,99,6,code,nothink,5,34.83,1002,349
14b,99,6,code,nothink,6,45.324,834,378
14b,99,6,code,nothink,7,35.366,984,348
14b,99,6,code,nothink,8,89.095,486,433
14b,99,6,code,nothink,9,53.994,726,392
14b,99,6,code,think,0,37.107,954,354
14b,99,6,code,think,1,46.201,816,377
14b,99,6,code,think,2,35.992,978,352
14b,99,6,code,think,3,34.024,1014,345
14b,99,6,code,think,4,38.925,930,362
14b,99,6,code,think,5,39.912,912,364
14b,99,6,code,think,6,49.103,780,383
14b,99,6,code,think,7,38.387,930,357
14b,99,6,code,think,8,38.248,936,358
14b,99,6,code,think,9,35.89,978,351
14b,99,6,reasoning,nothink,0,60.268,672,405
14b,99,6,reasoning,nothink,1,54.27,726,394
14b,99,6,reasoning,nothink,2,52.285,744,389
14b,99,6,reasoning,nothink,3,41.497,882,366
14b,99,6,reasoning,nothink,4,52.151,744,388
14b,99,6,reasoning,nothink,5,43.357,858,372
14b,99,6,reasoning,nothink,6,43.056,864,372
14b,99,6,reasoning,nothink,7,45.084,834,376
14b,99,6,reasoning,nothink,8,52.133,750,391
14b,99,6,reasoning,nothink,9,53.994,726,392
14b,99,6,reasoning,think,0,55.65,708,394
14b,99,6,reasoning,think,1,52.4,750,393
14b,99,6,reasoning,think,2,58.85,678,399
14b,99,6,reasoning,think,3,43.24,858,371
14b,99,6,reasoning,think,4,53.825,732,394
14b,99,6,reasoning,think,5,45.773,828,379
14b,99,6,reasoning,think,6,38.495,930,358
14b,99,6,reasoning,think,7,63.396,642,407
14b,99,6,reasoning,think,8,45.62,822,375
14b,99,6,reasoning,think,9,50.13,768,385
14b,99,8,chat,nothink,0,29.058,1232,358
14b,99,8,chat,nothink,1,24.353,1392,339
14b,99,8,chat,nothink,2,25.219,1368,345
14b,99,8,chat,nothink,3,23.658,1416,335
14b,99,8,chat,nothink,4,21.543,1504,324
14b,99,8,chat,nothink,5,26.048,1336,348
14b,99,8,chat,nothink,6,23.673,1432,339
14b,99,8,chat,nothink,7,22.665,1456,330
14b,99,8,chat,nothink,8,25.67,1344,345
14b,99,8,chat,nothink,9,58.016,736,427
14b,99,8,chat,think,0,26.364,1320,348
14b,99,8,chat,think,1,27.562,1288,355
14b,99,8,chat,think,2,22.283,1472,328
14b,99,8,chat,think,3,23.596,1424,336
14b,99,8,chat,think,4,22.746,1464,333
14b,99,8,chat,think,5,23.066,1448,334
14b,99,8,chat,think,6,24.709,1376,340
14b,99,8,chat,think,7,33.839,1120,379
14b,99,8,chat,think,8,23.596,1424,336
14b,99,8,chat,think,9,27.5,1280,352
14b,99,8,code,nothink,0,26.764,1304,349
14b,99,8,code,nothink,1,35.354,1072,379
14b,99,8,code,nothink,2,28.871,1240,358
14b,99,8,code,nothink,3,33.661,1120,377
14b,99,8,code,nothink,4,27.5,1280,352
14b,99,8,code,nothink,5,38.7,1000,387
14b,99,8,code,nothink,6,56.855,744,423
14b,99,8,code,nothink,7,41.116,968,398
14b,99,8,code,nothink,8,26.288,1320,347
14b,99,8,code,nothink,9,28.006,1264,354
14b,99,8,code,think,0,26.917,1304,351
14b,99,8,code,think,1,34.651,1088,377
14b,99,8,code,think,2,25.666,1352,347
14b,99,8,code,think,3,28.79,1240,357
14b,99,8,code,think,4,28.79,1240,357
14b,99,8,code,think,5,25.221,1360,343
14b,99,8,code,think,6,34.307,1096,376
14b,99,8,code,think,7,38.492,1008,388
14b,99,8,code,think,8,36.641,1048,384
14b,99,8,code,think,9,52.904,792,419
14b,99,8,reasoning,nothink,0,69.462,632,439
14b,99,8,reasoning,nothink,1,41.843,944,395
14b,99,8,reasoning,nothink,2,46.759,864,404
14b,99,8,reasoning,nothink,3,32.031,1152,369
14b,99,8,reasoning,nothink,4,47.454,864,410
14b,99,8,reasoning,nothink,5,39.1,1000,391
14b,99,8,reasoning,nothink,6,34.926,1088,380
14b,99,8,reasoning,nothink,7,40.833,960,392
14b,99,8,reasoning,nothink,8,39.113,992,388
14b,99,8,reasoning,nothink,9,50.866,808,411
14b,99,8,reasoning,think,0,50.368,816,411
14b,99,8,reasoning,think,1,42.201,936,395
14b,99,8,reasoning,think,2,48.571,840,408
14b,99,8,reasoning,think,3,36.731,1040,382
14b,99,8,reasoning,think,4,51.238,808,414
14b,99,8,reasoning,think,5,36.007,1072,386
14b,99,8,reasoning,think,6,36.923,1040,384
14b,99,8,reasoning,think,7,37.212,1040,387
14b,99,8,reasoning,think,8,52.904,792,419
14b,99,8,reasoning,think,9,45.158,888,401
32b,16,4,chat,nothink,0,54.503,644,351
32b,16,4,chat,nothink,1,38.424,812,312
32b,16,4,chat,nothink,2,34.813,856,298
32b,16,4,chat,nothink,3,40.689,784,319
32b,16,4,chat,nothink,4,35.329,852,301
32b,16,4,chat,nothink,5,35.782,844,302
32b,16,4,chat,nothink,6,38.93,804,313
32b,16,4,chat,nothink,7,43.218,752,325
32b,16,4,chat,nothink,8,36.659,832,305
32b,16,4,chat,nothink,9,42.408,764,324
32b,16,4,chat,think,0,43.817,744,326
32b,16,4,chat,think,1,36.899,832,307
32b,16,4,chat,think,2,35.329,852,301
32b,16,4,chat,think,3,39.322,796,313
32b,16,4,chat,think,4,32.399,892,289
32b,16,4,chat,think,5,40.769,780,318
32b,16,4,chat,think,6,37.439,820,307
32b,16,4,chat,think,7,35.329,852,301
32b,16,4,chat,think,8,43.449,748,325
32b,16,4,chat,think,9,41.237,776,320
32b,16,4,code,nothink,0,42.147,764,322
32b,16,4,code,nothink,1,50.294,680,342
32b,16,4,code,nothink,2,45.994,724,333
32b,16,4,code,nothink,3,48.286,700,338
32b,16,4,code,nothink,4,36.957,828,306
32b,16,4,code,nothink,5,38.366,808,310
32b,16,4,code,nothink,6,43.817,744,326
32b,16,4,code,nothink,7,33.182,880,292
32b,16,4,code,nothink,8,36.659,832,305
32b,16,4,code,nothink,9,37.561,820,308
32b,16,4,code,think,0,35.9,844,303
32b,16,4,code,think,1,58.065,620,360
32b,16,4,code,think,2,39.0,800,312
32b,16,4,code,think,3,40.102,788,316
32b,16,4,code,think,4,40.102,788,316
32b,16,4,code,think,5,41.108,776,319
32b,16,4,code,think,6,43.583,748,326
32b,16,4,code,think,7,35.952,840,302
32b,16,4,code,think,8,39.573,796,315
32b,16,4,code,think,9,38.113,816,311
32b,16,4,reasoning,nothink,0,63.185,584,369
32b,16,4,reasoning,nothink,1,58.117,616,358
32b,16,4,reasoning,nothink,2,58.824,612,360
32b,16,4,reasoning,nothink,3,51.647,668,345
32b,16,4,reasoning,nothink,4,54.735,528,289
32b,16,4,reasoning,nothink,5,51.786,672,348
32b,16,4,reasoning,nothink,6,52.576,660,347
32b,16,4,reasoning,nothink,7,58.824,612,360
32b,16,4,reasoning,nothink,8,53.201,656,349
32b,16,4,reasoning,nothink,9,63.889,576,368
32b,16,4,reasoning,think,0,73.473,524,385
32b,16,4,reasoning,think,1,50.146,684,343
32b,16,4,reasoning,think,2,59.868,608,364
32b,16,4,reasoning,think,3,48.988,692,339
32b,16,4,reasoning,think,4,56.013,632,354
32b,16,4,reasoning,think,5,47.869,704,337
32b,16,4,reasoning,think,6,51.036,676,345
32b,16,4,reasoning,think,7,53.834,652,351
32b,16,4,reasoning,think,8,53.681,652,350
32b,16,4,reasoning,think,9,65.845,568,374
32b,16,8,chat,nothink,0,29.493,1224,361
32b,16,8,chat,nothink,1,27.419,992,272
32b,16,8,chat,nothink,2,22.177,1488,330
32b,16,8,chat,nothink,3,21.875,1504,329
32b,16,8,chat,nothink,4,24.783,1384,343
32b,16,8,chat,nothink,5,29.852,1216,363
32b,16,8,chat,nothink,6,27.941,1088,304
32b,16,8,chat,nothink,7,19.183,1616,310
32b,16,8,chat,nothink,8,21.008,1528,321
32b,16,8,chat,nothink,9,24.071,1400,337
32b,16,8,chat,think,0,25.0,1368,342
32b,16,8,chat,think,1,23.125,1440,333
32b,16,8,chat,think,2,20.321,1560,317
32b,16,8,chat,think,3,20.49,1552,318
32b,16,8,chat,think,4,24.709,1376,340
32b,16,8,chat,think,5,21.159,1536,325
32b,16,8,chat,think,6,20.153,1568,316
32b,16,8,chat,think,7,25.147,1360,342
32b,16,8,chat,think,8,25.67,1344,345
32b,16,8,chat,think,9,20.833,1536,320
32b,16,8,code,nothink,0,19.118,1632,312
32b,16,8,code,nothink,1,33.877,1104,374
32b,16,8,code,nothink,2,24.5,1400,343
32b,16,8,code,nothink,3,32.118,1152,370
32b,16,8,code,nothink,4,28.006,1264,354
32b,16,8,code,nothink,5,23.864,1408,336
32b,16,8,code,nothink,6,30.912,1184,366
32b,16,8,code,nothink,7,34.149,1104,377
32b,16,8,code,nothink,8,24.153,1416,342
32b,16,8,code,nothink,9,24.148,1408,340
32b,16,8,code,think,0,21.008,1528,321
32b,16,8,code,think,1,31.81,1160,369
32b,16,8,code,think,2,33.393,1120,374
32b,16,8,code,think,3,24.071,1400,337
32b,16,8,code,think,4,22.418,1472,330
32b,16,8,code,think,5,21.362,1512,323
32b,16,8,code,think,6,28.79,1240,357
32b,16,8,code,think,7,27.891,1280,357
32b,16,8,code,think,8,27.987,1272,356
32b,16,8,code,think,9,22.473,1464,329
32b,16,8,reasoning,nothink,0,48.131,856,412
32b,16,8,reasoning,nothink,1,39.1,1000,391
32b,16,8,reasoning,nothink,2,45.909,880,404
32b,16,8,reasoning,nothink,3,29.852,1216,363
32b,16,8,reasoning,nothink,4,42.308,936,396
32b,16,8,reasoning,nothink,5,29.884,1208,361
32b,16,8,reasoning,nothink,6,35.902,1064,382
32b,16,8,reasoning,nothink,7,33.661,1120,377
32b,16,8,reasoning,nothink,8,37.992,1016,386
32b,16,8,reasoning,nothink,9,42.735,936,400
32b,16,8,reasoning,think,0,50.485,824,416
32b,16,8,reasoning,think,1,47.995,848,407
32b,16,8,reasoning,think,2,48.585,848,412
32b,16,8,reasoning,think,3,31.638,1160,367
32b,16,8,reasoning,think,4,30.132,1208,364
32b,16,8,reasoning,think,5,36.641,1048,384
32b,16,8,reasoning,think,6,28.526,1248,356
32b,16,8,reasoning,think,7,42.017,952,400
32b,16,8,reasoning,think,8,39.516,992,392
32b,16,8,reasoning,think,9,39.634,984,390
32b,32,4,chat,nothink,0,44.837,736,330
32b,32,4,chat,nothink,1,46.788,716,335
32b,32,4,chat,nothink,2,38.3,812,311
32b,32,4,chat,nothink,3,36.957,828,306
32b,32,4,chat,nothink,4,39.179,804,315
32b,32,4,chat,nothink,5,39.975,788,315
32b,32,4,chat,nothink,6,37.439,820,307
32b,32,4,chat,nothink,7,44.189,740,327
32b,32,4,chat,nothink,8,43.351,752,326
32b,32,4,chat,nothink,9,41.154,780,321
32b,32,4,chat,think,0,42.5,760,323
32b,32,4,chat,think,1,36.244,836,303
32b,32,4,chat,think,2,35.952,840,302
32b,32,4,chat,think,3,39.447,796,314
32b,32,4,chat,think,4,33.447,876,293
32b,32,4,chat,think,5,35.9,844,303
32b,32,4,chat,think,6,37.319,828,309
32b,32,4,chat,think,7,37.439,820,307
32b,32,4,chat,think,8,40.979,776,318
32b,32,4,chat,think,9,44.189,740,327
32b,32,4,code,nothink,0,36.071,840,303
32b,32,4,code,nothink,1,46.25,720,333
32b,32,4,code,nothink,2,39.447,796,314
32b,32,4,code,nothink,3,40.102,788,316
32b,32,4,code,nothink,4,67.086,556,373
32b,32,4,code,nothink,5,34.93,856,299
32b,32,4,code,nothink,6,47.458,708,336
32b,32,4,code,nothink,7,54.514,576,314
32b,32,4,code,nothink,8,40.979,776,318
32b,32,4,code,nothink,9,39.975,788,315
32b,32,4,code,think,0,36.779,832,306
32b,32,4,code,think,1,52.108,664,346
32b,32,4,code,think,2,32.919,884,291
32b,32,4,code,think,3,45.742,728,333
32b,32,4,code,think,4,40.979,776,318
32b,32,4,code,think,5,38.547,812,313
32b,32,4,code,think,6,44.701,736,329
32b,32,4,code,think,7,40.228,788,317
32b,32,4,code,think,8,41.321,772,319
32b,32,4,code,think,9,40.102,788,316
32b,32,4,reasoning,nothink,0,70.0,540,378
32b,32,4,reasoning,nothink,1,60.741,540,328
32b,32,4,reasoning,nothink,2,56.171,632,355
32b,32,4,reasoning,nothink,3,45.467,728,331
32b,32,4,reasoning,nothink,4,58.766,616,362
32b,32,4,reasoning,nothink,5,51.19,672,344
32b,32,4,reasoning,nothink,6,53.049,656,348
32b,32,4,reasoning,nothink,7,52.879,660,349
32b,32,4,reasoning,nothink,8,63.793,580,370
32b,32,4,reasoning,nothink,9,66.964,560,375
32b,32,4,reasoning,think,0,67.935,552,375
32b,32,4,reasoning,think,1,55.156,640,353
32b,32,4,reasoning,think,2,67.935,552,375
32b,32,4,reasoning,think,3,46.508,716,333
32b,32,4,reasoning,think,4,59.211,608,360
32b,32,4,reasoning,think,5,47.869,704,337
32b,32,4,reasoning,think,6,50.292,684,344
32b,32,4,reasoning,think,7,49.419,688,340
32b,32,4,reasoning,think,8,51.796,668,346
32b,32,4,reasoning,think,9,59.375,608,361
32b,32,8,chat,nothink,0,24.494,1384,339
32b,32,8,chat,nothink,1,21.495,1512,325
32b,32,8,chat,nothink,2,21.073,1528,322
32b,32,8,chat,nothink,3,22.859,1448,331
32b,32,8,chat,nothink,4,20.408,1568,320
32b,32,8,chat,nothink,5,28.244,1264,357
32b,32,8,chat,nothink,6,23.455,1424,334
32b,32,8,chat,nothink,7,21.561,1512,326
32b,32,8,chat,nothink,8,24.928,1384,345
32b,32,8,chat,nothink,9,22.473,1464,329
32b,32,8,chat,think,0,24.282,1392,338
32b,32,8,chat,think,1,25.818,1344,347
32b,32,8,chat,think,2,23.658,1416,335
32b,32,8,chat,think,3,20.964,1536,322
32b,32,8,chat,think,4,25.0,1384,346
32b,32,8,chat,think,5,19.823,1584,314
32b,32,8,chat,think,6,20.217,1568,317
32b,32,8,chat,think,7,19.027,1624,309
32b,32,8,chat,think,8,26.829,1312,352
32b,32,8,chat,think,9,24.566,1384,340
32b,32,8,code,nothink,0,42.735,936,400
32b,32,8,code,nothink,1,27.5,1280,352
32b,32,8,code,nothink,2,19.886,1584,315
32b,32,8,code,nothink,3,27.006,1296,350
32b,32,8,code,nothink,4,24.219,1408,341
32b,32,8,code,nothink,5,24.219,1408,341
32b,32,8,code,nothink,6,28.606,1248,357
32b,32,8,code,nothink,7,23.729,1416,336
32b,32,8,code,nothink,8,37.5,1040,390
32b,32,8,code,nothink,9,22.162,1480,328
32b,32,8,code,think,0,22.008,1504,331
32b,32,8,code,think,1,36.827,1040,383
32b,32,8,code,think,2,24.282,1392,338
32b,32,8,code,think,3,19.786,1592,315
32b,32,8,code,think,4,26.84,1304,350
32b,32,8,code,think,5,21.184,1520,322
32b,32,8,code,think,6,26.123,1336,349
32b,32,8,code,think,7,24.071,1400,337
32b,32,8,code,think,8,21.382,1520,325
32b,32,8,code,think,9,22.473,1464,329
32b,32,8,reasoning,nothink,0,58.016,736,427
32b,32,8,reasoning,nothink,1,40.346,984,397
32b,32,8,reasoning,nothink,2,44.754,896,401
32b,32,8,reasoning,nothink,3,36.184,1064,385
32b,32,8,reasoning,nothink,4,42.522,896,381
32b,32,8,reasoning,nothink,5,33.877,1104,374
32b,32,8,reasoning,nothink,6,33.723,1112,375
32b,32,8,reasoning,nothink,7,38.7,1000,387
32b,32,8,reasoning,nothink,8,47.222,864,408
32b,32,8,reasoning,nothink,9,44.643,896,400
32b,32,8,reasoning,think,0,51.103,816,417
32b,32,8,reasoning,think,1,43.37,920,399
32b,32,8,reasoning,think,2,46.059,888,409
32b,32,8,reasoning,think,3,33.877,1104,374
32b,32,8,reasoning,think,4,41.25,960,396
32b,32,8,reasoning,think,5,31.944,1152,368
32b,32,8,reasoning,think,6,33.633,1112,374
32b,32,8,reasoning,think,7,37.115,1040,386
32b,32,8,reasoning,think,8,42.672,928,396
32b,32,8,reasoning,think,9,42.161,944,398
32b,48,4,chat,nothink,0,38.054,812,309
32b,48,4,chat,nothink,1,33.032,884,292
32b,48,4,chat,nothink,2,36.836,828,305
32b,48,4,chat,nothink,3,39.322,796,313
32b,48,4,chat,nothink,4,42.408,764,324
32b,48,4,chat,nothink,5,39.646,792,314
32b,48,4,chat,nothink,6,38.682,804,311
32b,48,4,chat,nothink,7,33.696,368,124
32b,48,4,chat,nothink,8,37.439,820,307
32b,48,4,chat,nothink,9,39.179,804,315
32b,48,4,chat,think,0,41.321,772,319
32b,48,4,chat,think,1,42.857,756,324
32b,48,4,chat,think,2,34.217,868,297
32b,48,4,chat,think,3,38.235,816,312
32b,48,4,chat,think,4,40.306,784,316
32b,48,4,chat,think,5,38.054,812,309
32b,48,4,chat,think,6,44.355,744,330
32b,48,4,chat,think,7,42.539,764,325
32b,48,4,chat,think,8,39.322,796,313
32b,48,4,chat,think,9,39.0,800,312
32b,48,4,code,nothink,0,41.237,776,320
32b,48,4,code,nothink,1,49.566,692,343
32b,48,4,code,nothink,2,80.328,488,392
32b,48,4,code,nothink,3,43.218,752,325
32b,48,4,code,nothink,4,36.071,840,303
32b,48,4,code,nothink,5,32.511,892,290
32b,48,4,code,nothink,6,46.389,720,334
32b,48,4,code,nothink,7,39.975,788,315
32b,48,4,code,nothink,8,46.788,716,335
32b,48,4,code,nothink,9,38.49,808,311
32b,48,4,code,think,0,37.198,828,308
32b,48,4,code,think,1,52.108,664,346
32b,48,4,code,think,2,47.458,708,336
32b,48,4,code,think,3,47.869,704,337
32b,48,4,code,think,4,37.077,828,307
32b,48,4,code,think,5,39.0,800,312
32b,48,4,code,think,6,62.162,592,368
32b,48,4,code,think,7,36.659,832,305
32b,48,4,code,think,8,40.769,780,318
32b,48,4,code,think,9,35.495,848,301
32b,48,4,reasoning,nothink,0,71.97,528,380
32b,48,4,reasoning,nothink,1,58.987,612,361
32b,48,4,reasoning,nothink,2,61.655,592,365
32b,48,4,reasoning,nothink,3,46.111,720,332
32b,48,4,reasoning,nothink,4,60.667,600,364
32b,48,4,reasoning,nothink,5,53.528,652,349
32b,48,4,reasoning,nothink,6,49.566,692,343
32b,48,4,reasoning,nothink,7,49.133,692,340
32b,48,4,reasoning,nothink,8,59.539,608,362
32b,48,4,reasoning,nothink,9,62.671,584,366
32b,48,4,reasoning,think,0,65.21,572,373
32b,48,4,reasoning,think,1,62.245,588,366
32b,48,4,reasoning,think,2,69.853,544,380
32b,48,4,reasoning,think,3,52.879,660,349
32b,48,4,reasoning,think,4,58.442,616,360
32b,48,4,reasoning,think,5,52.108,664,346
32b,48,4,reasoning,think,6,48.707,696,339
32b,48,4,reasoning,think,7,57.581,620,357
32b,48,4,reasoning,think,8,62.245,588,366
32b,48,4,reasoning,think,9,64.41,576,371
32b,48,8,chat,nothink,0,25.147,1360,342
32b,48,8,chat,nothink,1,23.455,1424,334
32b,48,8,chat,nothink,2,19.118,1632,312
32b,48,8,chat,nothink,3,21.909,1488,326
32b,48,8,chat,nothink,4,25.67,1344,345
32b,48,8,chat,nothink,5,21.25,1520,323
32b,48,8,chat,nothink,6,25.595,1344,344
32b,48,8,chat,nothink,7,22.351,1472,329
32b,48,8,chat,nothink,8,17.689,1696,300
32b,48,8,chat,nothink,9,23.254,1432,333
32b,48,8,chat,think,0,22.665,1456,330
32b,48,8,chat,think,1,22.351,1472,329
32b,48,8,chat,think,2,20.661,1544,319
32b,48,8,chat,think,3,19.341,1608,311
32b,48,8,chat,think,4,21.579,1520,328
32b,48,8,chat,think,5,23.464,1432,336
32b,48,8,chat,think,6,22.043,1488,328
32b,48,8,chat,think,7,23.658,1416,335
32b,48,8,chat,think,8,27.909,1272,355
32b,48,8,chat,think,9,25.294,1360,344
32b,48,8,code,nothink,0,48.113,848,408
32b,48,8,code,nothink,1,30.333,1200,364
32b,48,8,code,nothink,2,28.871,1240,358
32b,48,8,code,nothink,3,25.147,1360,342
32b,48,8,code,nothink,4,23.935,1408,337
32b,48,8,code,nothink,5,22.859,1448,331
32b,48,8,code,nothink,6,25.368,1360,345
32b,48,8,code,nothink,7,27.006,1296,350
32b,48,8,code,nothink,8,26.205,1328,348
32b,48,8,code,nothink,9,18.539,1656,307
32b,48,8,code,think,0,21.029,1536,323
32b,48,8,code,think,1,35.0,1080,378
32b,48,8,code,think,2,21.447,1520,326
32b,48,8,code,think,3,25.145,1376,346
32b,48,8,code,think,4,22.473,1464,329
32b,48,8,code,think,5,23.324,1432,334
32b,48,8,code,think,6,31.678,1168,370
32b,48,8,code,think,7,25.67,1344,345
32b,48,8,code,think,8,27.83,1272,354
32b,48,8,code,think,9,18.873,1632,308
32b,48,8,reasoning,nothink,0,48.611,720,350
32b,48,8,reasoning,nothink,1,53.995,776,419
32b,48,8,reasoning,nothink,2,43.534,928,404
32b,48,8,reasoning,nothink,3,32.57,1136,370
32b,48,8,reasoning,nothink,4,39.087,1008,394
32b,48,8,reasoning,nothink,5,29.884,1208,361
32b,48,8,reasoning,nothink,6,31.122,1176,366
32b,48,8,reasoning,nothink,7,39.415,992,391
32b,48,8,reasoning,nothink,8,36.827,1040,383
32b,48,8,reasoning,nothink,9,42.996,928,399
32b,48,8,reasoning,think,0,49.636,824,409
32b,48,8,reasoning,think,1,39.415,992,391
32b,48,8,reasoning,think,2,45.833,888,407
32b,48,8,reasoning,think,3,32.955,1144,377
32b,48,8,reasoning,think,4,40.833,960,392
32b,48,8,reasoning,think,5,34.239,1104,378
32b,48,8,reasoning,think,6,34.058,1104,376
32b,48,8,reasoning,think,7,34.763,1096,381
32b,48,8,reasoning,think,8,43.261,920,398
32b,48,8,reasoning,think,9,38.294,1008,386
